{"cameraMode":{"drawMode":0,"name":"Shaded","section":"Shading Mode"},"sceneLighting":true,"audioPlay":false,"sceneViewState":{"m_AlwaysRefresh":false,"showFog":true,"showSkybox":true,"showFlares":true,"showImageEffects":true,"showParticleSystems":true,"showVisualEffectGraphs":true,"m_FxEnabled":true},"in2DMode":false,"pivot":{"x":0.26551222801208498,"y":0.7928922772407532,"z":-1.4436569213867188},"rotation":{"x":-0.07697408646345139,"y":0.9164338707923889,"z":-0.21439293026924134,"w":-0.3290298283100128},"size":0.8660253882408142,"orthographic":false}