{"cameraMode":{"drawMode":0,"name":"Shaded","section":"Shading Mode"},"sceneLighting":true,"audioPlay":false,"sceneViewState":{"m_AlwaysRefresh":false,"showFog":true,"showSkybox":false,"showFlares":true,"showImageEffects":true,"showParticleSystems":true,"showVisualEffectGraphs":true,"m_FxEnabled":true},"in2DMode":false,"pivot":{"x":-1.1368683941568193e-14,"y":-0.5666083097457886,"z":0.611175000667572},"rotation":{"x":-0.0008701469050720334,"y":0.9978300333023071,"z":-0.013471539132297039,"w":-0.06444887816905976},"size":0.584443211555481,"orthographic":false}